{"logps_eval_prob_train/chosen": -78.39040722537041, "argmax_prob_logits": -104.10954609632492, "logps_eval_prob_train/chosen_initial": -146.32445384311677, "logps_eval_prob_train/chosen_gptsemantic": -130.60965044975282, "logps_eval_prob_train/chosen_gptformat": -117.90741245651245, "logps_eval_prob_train/rejected": -59.98613571715355, "logps_eval_prob_train/reject_gptsemantic": -114.02696802520752, "logps_eval_prob_train/reject_gptformat": -105.54053117561341, "logps_eval_prob_train/irr_train": -140.5558722553253, "logps_eval_prob_train/irr_test": -136.17698974847792, "logps_eval_prob_train/irr_hum": -145.1054081726074, "logps_eval_prob_train/random_permute": -375.8773596725464, "logps_eval_prob_train/random_nonhum": -344.1787587966919}
{"logps_eval_prob_train/chosen": -83.41864424133301, "argmax_prob_logits": -108.45293376517296, "logps_eval_prob_train/chosen_initial": -166.9198451347351, "logps_eval_prob_train/chosen_gptsemantic": -142.76018726730348, "logps_eval_prob_train/chosen_gptformat": -132.70187301254273, "logps_eval_prob_train/rejected": -83.46322634410858, "logps_eval_prob_train/reject_gptsemantic": -133.18499824523926, "logps_eval_prob_train/reject_gptformat": -125.4155740737915, "logps_eval_prob_train/irr_train": -160.57568798446655, "logps_eval_prob_train/irr_test": -160.4054577732086, "logps_eval_prob_train/irr_hum": -169.55804949951172, "logps_eval_prob_train/random_permute": -392.4466366043091, "logps_eval_prob_train/random_nonhum": -362.98898841094973}
