{"logps_eval_prob_train/chosen": -122.78054297971725, "argmax_prob_logits": -128.7619505209923, "logps_eval_prob_train/chosen_initial": -138.67297348594664, "logps_eval_prob_train/chosen_gptsemantic": -128.3201736946106, "logps_eval_prob_train/chosen_gptformat": -110.73753446578979, "logps_eval_prob_train/rejected": -97.14116037082673, "logps_eval_prob_train/reject_gptsemantic": -112.15854614257813, "logps_eval_prob_train/reject_gptformat": -99.73323156738282, "logps_eval_prob_train/irr_train": -164.46568386650085, "logps_eval_prob_train/irr_test": -136.15787349271775, "logps_eval_prob_train/irr_hum": -128.79412364959717, "logps_eval_prob_train/random_permute": -361.7906086864472, "logps_eval_prob_train/random_nonhum": -331.2307737083435}
{"logps_eval_prob_train/chosen": -108.42103043937684, "argmax_prob_logits": -108.45442323875427, "logps_eval_prob_train/chosen_initial": -135.0548204202652, "logps_eval_prob_train/chosen_gptsemantic": -129.36772820854188, "logps_eval_prob_train/chosen_gptformat": -112.34155716896058, "logps_eval_prob_train/rejected": -83.42736070775986, "logps_eval_prob_train/reject_gptsemantic": -112.09125124549865, "logps_eval_prob_train/reject_gptformat": -99.9831353225708, "logps_eval_prob_train/irr_train": -154.03788264656066, "logps_eval_prob_train/irr_test": -128.50466490507125, "logps_eval_prob_train/irr_hum": -139.6832604751587, "logps_eval_prob_train/random_permute": -366.1990443992615, "logps_eval_prob_train/random_nonhum": -333.95995137405396}
{"logps_eval_prob_train/chosen": -104.41103649640084, "argmax_prob_logits": -109.45416252803803, "logps_eval_prob_train/chosen_initial": -134.44514019298555, "logps_eval_prob_train/chosen_gptsemantic": -128.7099528503418, "logps_eval_prob_train/chosen_gptformat": -112.5123445930481, "logps_eval_prob_train/rejected": -80.6605470790863, "logps_eval_prob_train/reject_gptsemantic": -111.66005952835083, "logps_eval_prob_train/reject_gptformat": -100.2420714302063, "logps_eval_prob_train/irr_train": -150.85902523612975, "logps_eval_prob_train/irr_test": -128.21845689821242, "logps_eval_prob_train/irr_hum": -140.5978186264038, "logps_eval_prob_train/random_permute": -366.19910779190064, "logps_eval_prob_train/random_nonhum": -334.4513812637329}
{"logps_eval_prob_train/chosen": -100.35535811305046, "argmax_prob_logits": -107.56840935850144, "logps_eval_prob_train/chosen_initial": -136.88199670410157, "logps_eval_prob_train/chosen_gptsemantic": -130.16445085144042, "logps_eval_prob_train/chosen_gptformat": -114.50419354629517, "logps_eval_prob_train/rejected": -77.45883018875122, "logps_eval_prob_train/reject_gptsemantic": -113.2888697128296, "logps_eval_prob_train/reject_gptformat": -102.24148477554321, "logps_eval_prob_train/irr_train": -149.6936385307312, "logps_eval_prob_train/irr_test": -129.76463073062897, "logps_eval_prob_train/irr_hum": -141.899952003479, "logps_eval_prob_train/random_permute": -368.1452838630676, "logps_eval_prob_train/random_nonhum": -336.54950371932983}
{"logps_eval_prob_train/chosen": -96.30196953129769, "argmax_prob_logits": -108.11202400636672, "logps_eval_prob_train/chosen_initial": -137.65551198005676, "logps_eval_prob_train/chosen_gptsemantic": -128.60134972190858, "logps_eval_prob_train/chosen_gptformat": -113.47886777877808, "logps_eval_prob_train/rejected": -74.184064037323, "logps_eval_prob_train/reject_gptsemantic": -111.7734257888794, "logps_eval_prob_train/reject_gptformat": -101.25490975189209, "logps_eval_prob_train/irr_train": -146.35339189338683, "logps_eval_prob_train/irr_test": -129.24846260786057, "logps_eval_prob_train/irr_hum": -140.47480226898193, "logps_eval_prob_train/random_permute": -368.1400777454376, "logps_eval_prob_train/random_nonhum": -336.64726864242556}
{"logps_eval_prob_train/chosen": -91.62299922299385, "argmax_prob_logits": -103.18365389633179, "logps_eval_prob_train/chosen_initial": -140.59823427295686, "logps_eval_prob_train/chosen_gptsemantic": -129.943535364151, "logps_eval_prob_train/chosen_gptformat": -115.53438959312439, "logps_eval_prob_train/rejected": -70.97247164821624, "logps_eval_prob_train/reject_gptsemantic": -113.32237135505676, "logps_eval_prob_train/reject_gptformat": -103.33538158607483, "logps_eval_prob_train/irr_train": -145.46880012512207, "logps_eval_prob_train/irr_test": -132.32136084508895, "logps_eval_prob_train/irr_hum": -142.24454597473144, "logps_eval_prob_train/random_permute": -371.44332793045044, "logps_eval_prob_train/random_nonhum": -339.7102980422974}
{"logps_eval_prob_train/chosen": -87.70563329696655, "argmax_prob_logits": -104.67644564723969, "logps_eval_prob_train/chosen_initial": -140.7593038086891, "logps_eval_prob_train/chosen_gptsemantic": -129.23824596977235, "logps_eval_prob_train/chosen_gptformat": -115.26141989707946, "logps_eval_prob_train/rejected": -67.34955969119072, "logps_eval_prob_train/reject_gptsemantic": -112.63950578689575, "logps_eval_prob_train/reject_gptformat": -103.03130793190003, "logps_eval_prob_train/irr_train": -143.00643029594423, "logps_eval_prob_train/irr_test": -132.11386372184754, "logps_eval_prob_train/irr_hum": -142.53485041046142, "logps_eval_prob_train/random_permute": -371.6272044277191, "logps_eval_prob_train/random_nonhum": -339.9348716545105}
{"logps_eval_prob_train/chosen": -82.9016937699318, "argmax_prob_logits": -105.12745590257644, "logps_eval_prob_train/chosen_initial": -147.29854262971878, "logps_eval_prob_train/chosen_gptsemantic": -132.06257155990602, "logps_eval_prob_train/chosen_gptformat": -118.57883586502075, "logps_eval_prob_train/rejected": -63.1467842130661, "logps_eval_prob_train/reject_gptsemantic": -115.22109735298157, "logps_eval_prob_train/reject_gptformat": -106.15047874832153, "logps_eval_prob_train/irr_train": -144.13042370986938, "logps_eval_prob_train/irr_test": -137.0493853545189, "logps_eval_prob_train/irr_hum": -144.6988140411377, "logps_eval_prob_train/random_permute": -376.1521541442871, "logps_eval_prob_train/random_nonhum": -344.37415577697755}
