{"logps_eval_prob_test/chosen": -121.52634778738022, "logps_eval_prob_test/chosen_initial": -137.55657374191284, "logps_eval_prob_test/chosen_selfr": -372.8270209541321, "logps_eval_prob_test/chosen_gptsemantic": -130.25503671646118, "logps_eval_prob_test/chosen_gptformat": -113.40716539764404, "logps_eval_prob_test/rejected": -100.84143709468842, "logps_eval_prob_test/reject_gptsemantic": -110.42810907936096, "logps_eval_prob_test/reject_gptformat": -100.11831406784057, "logps_eval_prob_test/irr_train": -145.7779334011078, "logps_eval_prob_test/irr_test": -144.8917066526413, "logps_eval_prob_test/irr_hum": -127.45729125213623, "logps_eval_prob_test/random_permute": -352.6589436950684, "logps_eval_prob_test/random_nonhum": -354.17027322006226, "logps_eval/chosen": -121.52634778738022, "loss/eval": 121.52634778738022}