{"logps_eval_prob_train/chosen": -122.78053597545623, "logps_eval_prob_train/chosen_initial": -138.6729621734619, "logps_eval_prob_train/chosen_selfr": -375.3572588386536, "logps_eval_prob_train/chosen_gptsemantic": -128.32016846466064, "logps_eval_prob_train/chosen_gptformat": -110.73753203964233, "logps_eval_prob_train/rejected": -97.14115570688247, "logps_eval_prob_train/reject_gptsemantic": -112.15854509353638, "logps_eval_prob_train/reject_gptformat": -99.73323017120362, "logps_eval_prob_train/irr_train": -164.4656737689972, "logps_eval_prob_train/irr_test": -136.15786675214767, "logps_eval_prob_train/irr_hum": -128.79413536834716, "logps_eval_prob_train/random_permute": -361.7906086177826, "logps_eval_prob_train/random_nonhum": -331.23077045059205, "logps_eval/chosen": -122.78053597545623, "loss/eval": 122.78053597545623}