{"logps_eval_prob_train/chosen": -127.24933299636841, "logps_eval_prob_train/chosen_initial": -131.42291207885742, "logps_eval_prob_train/chosen_gptsemantic": -134.20359774780275, "logps_eval_prob_train/chosen_gptformat": -116.92500042724609, "logps_eval_prob_train/rejected": -99.96464333724975, "logps_eval_prob_train/reject_gptsemantic": -116.21905477714539, "logps_eval_prob_train/reject_gptformat": -104.26014793014527, "logps_eval_prob_train/irr_train": -170.10942197799682, "logps_eval_prob_train/irr_test": -140.86653284740447, "logps_eval_prob_train/irr_hum": -162.48057442474365, "logps_eval_prob_train/random_permute": -378.3840795402527, "logps_eval_prob_train/random_nonhum": -345.534251373291}
