{"logps_eval_prob_train/chosen": -130.67610174942016, "logps_eval_prob_train/chosen_initial": -133.7243357334137, "logps_eval_prob_train/chosen_gptsemantic": -136.78651106643676, "logps_eval_prob_train/chosen_gptformat": -118.2350389289856, "logps_eval_prob_train/rejected": -102.09754534721374, "logps_eval_prob_train/reject_gptsemantic": -117.91308499908448, "logps_eval_prob_train/reject_gptformat": -105.20923367309571, "logps_eval_prob_train/irr_train": -171.9267304954529, "logps_eval_prob_train/irr_test": -142.23502771759033, "logps_eval_prob_train/irr_hum": -166.79189014434814, "logps_eval_prob_train/random_permute": -384.4979960460663, "logps_eval_prob_train/random_nonhum": -349.7164994773865}
