{"logps_eval_prob_train/chosen": -78.12997367572784, "argmax_prob_logits": -106.47601640033722, "logps_eval_prob_train/chosen_initial": -146.1524570145607, "logps_eval_prob_train/chosen_gptsemantic": -129.22423750114442, "logps_eval_prob_train/chosen_gptformat": -116.59106707191468, "logps_eval_prob_train/rejected": -91.46247208833694, "logps_eval_prob_train/reject_gptsemantic": -120.71937573623657, "logps_eval_prob_train/reject_gptformat": -107.95279570007324, "logps_eval_prob_train/irr_train": -141.0498330230713, "logps_eval_prob_train/irr_test": -136.60277302217483, "logps_eval_prob_train/irr_hum": -144.32332219696045, "logps_eval_prob_train/random_permute": -374.2133548679352, "logps_eval_prob_train/random_nonhum": -343.5670429801941}
{"logps_eval_prob_train/chosen": -92.98498297023774, "argmax_prob_logits": -98.63353844434023, "logps_eval_prob_train/chosen_initial": -218.19517667388916, "logps_eval_prob_train/chosen_gptsemantic": -177.617035030365, "logps_eval_prob_train/chosen_gptformat": -167.96861240005492, "logps_eval_prob_train/rejected": -160.75415519714355, "logps_eval_prob_train/reject_gptsemantic": -183.63040139770507, "logps_eval_prob_train/reject_gptformat": -168.4233366165161, "logps_eval_prob_train/irr_train": -197.22980282592772, "logps_eval_prob_train/irr_test": -203.2429864501953, "logps_eval_prob_train/irr_hum": -200.2955076751709, "logps_eval_prob_train/random_permute": -432.4226812095642, "logps_eval_prob_train/random_nonhum": -394.1990217514038}
